{
    "accuracy": [
        0.6207317113876343,
        0.8296747803688049,
        0.8829268217086792,
        0.9004064798355103,
        0.9231707453727722,
        0.9426829218864441,
        0.9508129954338074,
        0.9634146094322205,
        0.9650406241416931,
        0.9642276167869568,
        0.9780488014221191,
        0.9865853786468506,
        0.9898374080657959,
        0.9898374080657959,
        0.9898374080657959,
        0.9837398529052734,
        0.9906504154205322,
        0.9861788749694824,
        0.9914634227752686,
        0.9869918823242188,
        0.9898374080657959,
        0.9910569190979004
    ],
    "loss": [
        1.0597734451293945,
        0.4712870419025421,
        0.33788272738456726,
        0.27675163745880127,
        0.21876707673072815,
        0.16813558340072632,
        0.13445749878883362,
        0.11779315024614334,
        0.1138535663485527,
        0.11367501318454742,
        0.06795652955770493,
        0.05208286643028259,
        0.03707520291209221,
        0.040919821709394455,
        0.04235057532787323,
        0.0529838502407074,
        0.039150420576334,
        0.04811496287584305,
        0.03762057423591614,
        0.04576672241091728,
        0.04043513908982277,
        0.03921128809452057
    ],
    "val_accuracy": [
        0.7435064911842346,
        0.7808441519737244,
        0.8344155550003052,
        0.826298713684082,
        0.850649356842041,
        0.8863636255264282,
        0.8847402334213257,
        0.8603895902633667,
        0.8668830990791321,
        0.8538960814476013,
        0.8847402334213257,
        0.8977272510528564,
        0.899350643157959,
        0.9058441519737244,
        0.9074675440788269,
        0.9090909361839294,
        0.9107142686843872,
        0.9123376607894897,
        0.9123376607894897,
        0.9123376607894897,
        0.9123376607894897,
        0.9123376607894897
    ],
    "val_loss": [
        0.704067587852478,
        0.6183608770370483,
        0.45867016911506653,
        0.49374014139175415,
        0.42986005544662476,
        0.3537079989910126,
        0.32052528858184814,
        0.4161631166934967,
        0.4603581130504608,
        0.5372002720832825,
        0.38197824358940125,
        0.3522007167339325,
        0.35551971197128296,
        0.3466747999191284,
        0.34725329279899597,
        0.3467439115047455,
        0.3471935987472534,
        0.3457193374633789,
        0.34458300471305847,
        0.34420642256736755,
        0.34380343556404114,
        0.343932569026947
    ],
    "learning_rate": [
        9.999999747378752e-05,
        9.999999747378752e-05,
        9.999999747378752e-05,
        9.999999747378752e-05,
        9.999999747378752e-05,
        9.999999747378752e-05,
        9.999999747378752e-05,
        9.999999747378752e-05,
        9.999999747378752e-05,
        9.999999747378752e-05,
        1.9999999494757503e-05,
        1.9999999494757503e-05,
        1.9999999494757503e-05,
        3.999999989900971e-06,
        3.999999989900971e-06,
        3.999999989900971e-06,
        8.000000093488779e-07,
        8.000000093488779e-07,
        8.000000093488779e-07,
        1.5999999902760464e-07,
        1.5999999902760464e-07,
        1.5999999902760464e-07
    ]
}