{
    "accuracy": 0.8847402597402597,
    "precision": 0.8875244488264352,
    "recall": 0.8847402597402597,
    "f1_score": 0.8849420864428184,
    "mcc": 0.8602902550970193,
    "balanced_accuracy": 0.8860661608968288
}