{
    "accuracy": 0.9930394431554525,
    "precision": 0.9930755827539497,
    "recall": 0.9930394431554525,
    "f1": 0.9929791917788685,
    "mcc": 0.9876590427751472,
    "balanced_accuracy": 0.9779563591718289
}