accuracy,precision,recall,f1,mcc,balanced_accuracy
0.9930394431554525,0.9930755827539497,0.9930394431554525,0.9929791917788685,0.9876590427751472,0.9779563591718289
