{
    "accuracy": [
        0.6491869688034058,
        0.8231707215309143,
        0.8727642297744751,
        0.8934959173202515,
        0.9085366129875183,
        0.9126016497612,
        0.9260162711143494,
        0.9378048777580261,
        0.9504064917564392,
        0.9556910395622253,
        0.9760162830352783,
        0.9768292903900146,
        0.9813008308410645,
        0.9833333492279053,
        0.9813008308410645,
        0.9841463565826416,
        0.9861788749694824,
        0.992682933807373,
        0.9882113933563232,
        0.9853658676147461,
        0.9906504154205322,
        0.9878048896789551,
        0.9873983860015869,
        0.9894309043884277,
        0.9853658676147461,
        0.9865853786468506,
        0.9898374080657959,
        0.9861788749694824
    ],
    "loss": [
        0.975712776184082,
        0.49945268034935,
        0.3642362356185913,
        0.306058794260025,
        0.2730148136615753,
        0.2354559600353241,
        0.2166711390018463,
        0.1732248067855835,
        0.14283259212970734,
        0.12207572162151337,
        0.07419688254594803,
        0.06352575868368149,
        0.06309322267770767,
        0.0575665608048439,
        0.055494021624326706,
        0.054161783307790756,
        0.0460546500980854,
        0.03649874031543732,
        0.0380094014108181,
        0.04498830810189247,
        0.03574766963720322,
        0.041118111461400986,
        0.04045602306723595,
        0.04166310653090477,
        0.044760480523109436,
        0.04338345304131508,
        0.03867495432496071,
        0.03989028558135033
    ],
    "val_accuracy": [
        0.7759740352630615,
        0.8181818127632141,
        0.774350643157959,
        0.8133116960525513,
        0.8441558480262756,
        0.8701298832893372,
        0.8084415793418884,
        0.8701298832893372,
        0.8295454382896423,
        0.8766233921051025,
        0.8847402334213257,
        0.8782467246055603,
        0.8912337422370911,
        0.8912337422370911,
        0.8782467246055603,
        0.8879870176315308,
        0.8863636255264282,
        0.8879870176315308,
        0.8896104097366333,
        0.8896104097366333,
        0.8879870176315308,
        0.8896104097366333,
        0.8879870176315308,
        0.8912337422370911,
        0.8912337422370911,
        0.8896104097366333,
        0.8879870176315308,
        0.8896104097366333
    ],
    "val_loss": [
        0.8397186994552612,
        0.5370208024978638,
        0.7122904062271118,
        0.5827952027320862,
        0.49510475993156433,
        0.4755842387676239,
        0.5851805806159973,
        0.47654521465301514,
        0.730836808681488,
        0.4577120542526245,
        0.4185435175895691,
        0.4074447751045227,
        0.4027506709098816,
        0.4419206976890564,
        0.4797182083129883,
        0.4367181360721588,
        0.4413296580314636,
        0.4342195987701416,
        0.4342861771583557,
        0.4353189766407013,
        0.4365282356739044,
        0.4376804232597351,
        0.4393617808818817,
        0.44076007604599,
        0.4417116641998291,
        0.44078534841537476,
        0.44127437472343445,
        0.4395097494125366
    ],
    "learning_rate": [
        9.999999747378752e-05,
        9.999999747378752e-05,
        9.999999747378752e-05,
        9.999999747378752e-05,
        9.999999747378752e-05,
        9.999999747378752e-05,
        9.999999747378752e-05,
        9.999999747378752e-05,
        9.999999747378752e-05,
        1.9999999494757503e-05,
        1.9999999494757503e-05,
        1.9999999494757503e-05,
        1.9999999494757503e-05,
        1.9999999494757503e-05,
        1.9999999494757503e-05,
        1.9999999494757503e-05,
        3.999999989900971e-06,
        3.999999989900971e-06,
        3.999999989900971e-06,
        8.000000093488779e-07,
        8.000000093488779e-07,
        8.000000093488779e-07,
        1.5999999902760464e-07,
        1.5999999902760464e-07,
        1.5999999902760464e-07,
        3.199999909497819e-08,
        3.199999909497819e-08,
        3.199999909497819e-08
    ]
}