{
    "accuracy": 0.8912337662337663,
    "precision": 0.8969490795596599,
    "recall": 0.8912337662337663,
    "f1_score": 0.8919322975267396,
    "mcc": 0.868071062599586,
    "balanced_accuracy": 0.8800752402132576
}