{
    "accuracy": 0.6412337662337663,
    "precision": 0.622487222823129,
    "recall": 0.6412337662337663,
    "f1": 0.6243022226884936,
    "mcc": 0.5597321873397274,
    "balanced_accuracy": 0.5676433612450952
}