{
    "accuracy": 0.6444805194805194,
    "precision": 0.6361395725496625,
    "recall": 0.6444805194805194,
    "f1": 0.6336548761035897,
    "mcc": 0.5669268524154235,
    "balanced_accuracy": 0.6242679478159217
}