accuracy,precision,recall,f1,mcc,balanced_accuracy
0.6444805194805194,0.6361395725496625,0.6444805194805194,0.6336548761035897,0.5669268524154235,0.6242679478159217
