accuracy,precision,recall,f1,mcc,balanced_accuracy
0.6412337662337663,0.622487222823129,0.6412337662337663,0.6243022226884936,0.5597321873397274,0.5676433612450952
