{
    "accuracy": 0.6607142857142857,
    "precision": 0.6753093630307787,
    "recall": 0.6607142857142857,
    "f1": 0.6487263382957386,
    "mcc": 0.5857075116158758,
    "balanced_accuracy": 0.6266760792189483
}