accuracy,precision,recall,f1,mcc,balanced_accuracy
0.6607142857142857,0.6753093630307787,0.6607142857142857,0.6487263382957386,0.5857075116158758,0.6266760792189483
