{
    "accuracy": 0.6493506493506493,
    "precision": 0.6476856941997636,
    "recall": 0.6493506493506493,
    "f1": 0.644886589815794,
    "mcc": 0.5703655760451157,
    "balanced_accuracy": 0.6181288505563145
}