{
    "accuracy": 0.8668831168831169,
    "precision": 0.8697374210564564,
    "recall": 0.8668831168831169,
    "f1": 0.8657565202879292,
    "mcc": 0.8376115487852921,
    "balanced_accuracy": 0.818695115931461
}