{
    "accuracy": 0.849025974025974,
    "precision": 0.8569892536060186,
    "recall": 0.849025974025974,
    "f1": 0.8493624592782424,
    "mcc": 0.8178913045117829,
    "balanced_accuracy": 0.8514119213556322
}