accuracy,precision,recall,f1,mcc,balanced_accuracy
0.6493506493506493,0.6476856941997636,0.6493506493506493,0.644886589815794,0.5703655760451157,0.6181288505563145
