accuracy,precision,recall,f1,mcc,balanced_accuracy
0.8668831168831169,0.8697374210564564,0.8668831168831169,0.8657565202879292,0.8376115487852921,0.818695115931461
