{
    "accuracy": 0.8831168831168831,
    "precision": 0.8886001336297408,
    "recall": 0.8831168831168831,
    "f1_score": 0.8837595446005905,
    "mcc": 0.8586374188834576,
    "balanced_accuracy": 0.8934826870639901
}