{
    "accuracy": 0.6915584415584416,
    "precision": 0.6905170048236429,
    "recall": 0.6915584415584416,
    "f1": 0.6870875441737466,
    "mcc": 0.6232442599100024,
    "balanced_accuracy": 0.6554907439269838
}