accuracy,precision,recall,f1,mcc,balanced_accuracy
0.6915584415584416,0.6905170048236429,0.6915584415584416,0.6870875441737466,0.6232442599100024,0.6554907439269838
