{
    "accuracy": 0.6233766233766234,
    "precision": 0.610336938812633,
    "recall": 0.6233766233766234,
    "f1": 0.6088903225836824,
    "mcc": 0.5396548411335365,
    "balanced_accuracy": 0.5824085688827313
}