accuracy,precision,recall,f1,mcc,balanced_accuracy
0.6233766233766234,0.610336938812633,0.6233766233766234,0.6088903225836824,0.5396548411335365,0.5824085688827313
