accuracy,precision,recall,f1,mcc,balanced_accuracy
0.849025974025974,0.8569892536060186,0.849025974025974,0.8493624592782424,0.8178913045117829,0.8514119213556322
