{
    "accuracy": [
        0.6719512343406677,
        0.8634146451950073,
        0.8894308805465698,
        0.9191057085990906,
        0.9288617968559265,
        0.9634146094322205,
        0.9674796462059021,
        0.9731707572937012,
        0.9780488014221191,
        0.975203275680542,
        0.9829268455505371,
        0.9865853786468506,
        0.9857723712921143,
        0.9845528602600098,
        0.9882113933563232,
        0.9886178970336914,
        0.9890244007110596,
        0.9865853786468506,
        0.9902439117431641,
        0.9873983860015869,
        0.992682933807373,
        0.9890244007110596,
        0.9861788749694824,
        0.9873983860015869,
        0.9914634227752686
    ],
    "loss": [
        0.8967062830924988,
        0.4122706353664398,
        0.3027018904685974,
        0.24012073874473572,
        0.20560167729854584,
        0.11981941759586334,
        0.11136750131845474,
        0.09513212740421295,
        0.0776042714715004,
        0.08393915742635727,
        0.06229037046432495,
        0.05735607072710991,
        0.05372665449976921,
        0.060504183173179626,
        0.04935241490602493,
        0.04492256045341492,
        0.04518275707960129,
        0.050683122128248215,
        0.044424187391996384,
        0.048476412892341614,
        0.03575995936989784,
        0.04203043505549431,
        0.049111973494291306,
        0.04712367057800293,
        0.04368329793214798
    ],
    "val_accuracy": [
        0.8003246784210205,
        0.8425324559211731,
        0.8116883039474487,
        0.8409090638160706,
        0.8457792401313782,
        0.8685064911842346,
        0.875,
        0.8782467246055603,
        0.8766233921051025,
        0.8896104097366333,
        0.8879870176315308,
        0.8896104097366333,
        0.8896104097366333,
        0.8961039185523987,
        0.8961039185523987,
        0.899350643157959,
        0.8977272510528564,
        0.899350643157959,
        0.8977272510528564,
        0.899350643157959,
        0.8977272510528564,
        0.9009740352630615,
        0.899350643157959,
        0.8977272510528564,
        0.9025974273681641
    ],
    "val_loss": [
        0.5498092174530029,
        0.4633086919784546,
        0.554674506187439,
        0.5088403224945068,
        0.478474497795105,
        0.37609270215034485,
        0.349932461977005,
        0.3629913330078125,
        0.3594532608985901,
        0.34410205483436584,
        0.36933913826942444,
        0.3530537188053131,
        0.3560551702976227,
        0.3565985858440399,
        0.36243459582328796,
        0.3612467646598816,
        0.3620249032974243,
        0.3609808385372162,
        0.3595116436481476,
        0.3609505295753479,
        0.3600250482559204,
        0.3602934181690216,
        0.36034855246543884,
        0.360343873500824,
        0.36092203855514526
    ],
    "learning_rate": [
        9.999999747378752e-05,
        9.999999747378752e-05,
        9.999999747378752e-05,
        9.999999747378752e-05,
        9.999999747378752e-05,
        1.9999999494757503e-05,
        1.9999999494757503e-05,
        1.9999999494757503e-05,
        1.9999999494757503e-05,
        1.9999999494757503e-05,
        1.9999999494757503e-05,
        1.9999999494757503e-05,
        1.9999999494757503e-05,
        3.999999989900971e-06,
        3.999999989900971e-06,
        3.999999989900971e-06,
        8.000000093488779e-07,
        8.000000093488779e-07,
        8.000000093488779e-07,
        1.5999999902760464e-07,
        1.5999999902760464e-07,
        1.5999999902760464e-07,
        3.199999909497819e-08,
        3.199999909497819e-08,
        3.199999909497819e-08
    ]
}