{
    "accuracy": 0.8896103896103896,
    "precision": 0.8927284992593173,
    "recall": 0.8896103896103896,
    "f1_score": 0.8898435473773447,
    "mcc": 0.8657196233750035,
    "balanced_accuracy": 0.8959890153342899
}