{
    "accuracy": 0.8847402597402597,
    "precision": 0.891862482119919,
    "recall": 0.8847402597402597,
    "f1_score": 0.8858426631252749,
    "mcc": 0.8607057467643303,
    "balanced_accuracy": 0.8904250028023103
}