{
    "accuracy": [
        0.6329268217086792,
        0.81747967004776,
        0.8658536672592163,
        0.8882113695144653,
        0.9158536791801453,
        0.9284552931785583,
        0.9239837527275085,
        0.9430894255638123,
        0.9638211131095886,
        0.9699187278747559,
        0.9739837646484375,
        0.9813008308410645,
        0.9813008308410645,
        0.9813008308410645,
        0.9857723712921143,
        0.9849593639373779,
        0.9849593639373779,
        0.9861788749694824,
        0.9906504154205322,
        0.9890244007110596,
        0.9906504154205322,
        0.9861788749694824,
        0.9910569190979004,
        0.9898374080657959,
        0.9898374080657959,
        0.9906504154205322,
        0.9902439117431641,
        0.9890244007110596
    ],
    "loss": [
        0.9897793531417847,
        0.5064523816108704,
        0.36953943967819214,
        0.305122435092926,
        0.24128365516662598,
        0.20976261794567108,
        0.21295584738254547,
        0.17397192120552063,
        0.11595487594604492,
        0.09170491993427277,
        0.07957474887371063,
        0.06398918479681015,
        0.06249726936221123,
        0.05807333067059517,
        0.05383733659982681,
        0.051054783165454865,
        0.04701446369290352,
        0.04302031174302101,
        0.037548378109931946,
        0.04012205824255943,
        0.04065238684415817,
        0.04149215668439865,
        0.037140652537345886,
        0.04076259583234787,
        0.03654903173446655,
        0.03510202467441559,
        0.035474784672260284,
        0.040132373571395874
    ],
    "val_accuracy": [
        0.7272727489471436,
        0.798701286315918,
        0.7467532753944397,
        0.8003246784210205,
        0.8198052048683167,
        0.7792207598686218,
        0.8051947951316833,
        0.8344155550003052,
        0.8603895902633667,
        0.8685064911842346,
        0.8652597665786743,
        0.8603895902633667,
        0.8668830990791321,
        0.8668830990791321,
        0.8652597665786743,
        0.8620129823684692,
        0.8766233921051025,
        0.8717532753944397,
        0.8717532753944397,
        0.8717532753944397,
        0.8668830990791321,
        0.8668830990791321,
        0.8668830990791321,
        0.8668830990791321,
        0.8668830990791321,
        0.8668830990791321,
        0.8668830990791321,
        0.8668830990791321
    ],
    "val_loss": [
        0.9811381697654724,
        0.7806993722915649,
        0.8148171901702881,
        0.657333254814148,
        0.5453014373779297,
        0.765579879283905,
        0.6354442238807678,
        0.6221562623977661,
        0.48386135697364807,
        0.4520542025566101,
        0.4768640995025635,
        0.4713400900363922,
        0.445243239402771,
        0.47024422883987427,
        0.4551401138305664,
        0.4577871561050415,
        0.4493255019187927,
        0.4504450559616089,
        0.4542993903160095,
        0.4556487500667572,
        0.45882144570350647,
        0.4574644863605499,
        0.45713651180267334,
        0.4564104378223419,
        0.4544914662837982,
        0.4545433223247528,
        0.45450735092163086,
        0.45693713426589966
    ],
    "learning_rate": [
        9.999999747378752e-05,
        9.999999747378752e-05,
        9.999999747378752e-05,
        9.999999747378752e-05,
        9.999999747378752e-05,
        9.999999747378752e-05,
        9.999999747378752e-05,
        9.999999747378752e-05,
        1.9999999494757503e-05,
        1.9999999494757503e-05,
        1.9999999494757503e-05,
        1.9999999494757503e-05,
        1.9999999494757503e-05,
        1.9999999494757503e-05,
        1.9999999494757503e-05,
        1.9999999494757503e-05,
        3.999999989900971e-06,
        3.999999989900971e-06,
        3.999999989900971e-06,
        8.000000093488779e-07,
        8.000000093488779e-07,
        8.000000093488779e-07,
        1.5999999902760464e-07,
        1.5999999902760464e-07,
        1.5999999902760464e-07,
        3.199999909497819e-08,
        3.199999909497819e-08,
        3.199999909497819e-08
    ]
}