{
    "accuracy": 0.8668831168831169,
    "precision": 0.868418827395597,
    "recall": 0.8668831168831169,
    "f1_score": 0.8668063730013287,
    "mcc": 0.8385365618991166,
    "balanced_accuracy": 0.8571091530979427
}