{
    "accuracy": 0.8474025974025974,
    "precision": 0.8544079954758093,
    "recall": 0.8474025974025974,
    "f1": 0.8463127129364593,
    "mcc": 0.8148152304301255,
    "balanced_accuracy": 0.7963705046517279
}