accuracy,precision,recall,f1,mcc,balanced_accuracy
0.8474025974025974,0.8544079954758093,0.8474025974025974,0.8463127129364593,0.8148152304301255,0.7963705046517279
