{
    "accuracy": 0.8863636363636364,
    "precision": 0.8907346895161496,
    "recall": 0.8863636363636364,
    "f1_score": 0.8868763699575125,
    "mcc": 0.861924738104629,
    "balanced_accuracy": 0.8763465091256748
}