{
    "accuracy": 0.6818181818181818,
    "precision": 0.6744495256285377,
    "recall": 0.6818181818181818,
    "f1": 0.6730844985785969,
    "mcc": 0.6108653664108602,
    "balanced_accuracy": 0.6524966295222726
}