accuracy,precision,recall,f1,mcc,balanced_accuracy
0.6818181818181818,0.6744495256285377,0.6818181818181818,0.6730844985785969,0.6108653664108602,0.6524966295222726
