{
    "accuracy": [
        0.6540650129318237,
        0.8475610017776489,
        0.9012194871902466,
        0.9186992049217224,
        0.9288617968559265,
        0.9434959292411804,
        0.9682926535606384,
        0.9821138381958008,
        0.9796748161315918,
        0.982520341873169,
        0.9841463565826416,
        0.9902439117431641,
        0.9861788749694824,
        0.9853658676147461,
        0.9939024448394775,
        0.9906504154205322,
        0.9886178970336914,
        0.9934959411621094,
        0.9918699264526367,
        0.9914634227752686,
        0.9898374080657959,
        0.9922764301300049,
        0.9906504154205322,
        0.9947154521942139,
        0.9930894374847412,
        0.9918699264526367
    ],
    "loss": [
        0.9617293477058411,
        0.4450953006744385,
        0.2959262430667877,
        0.22850316762924194,
        0.1947559118270874,
        0.16145114600658417,
        0.10927017033100128,
        0.07315913587808609,
        0.06810691207647324,
        0.06254521757364273,
        0.061219874769449234,
        0.0443073995411396,
        0.04781930521130562,
        0.05242731422185898,
        0.033394552767276764,
        0.03779911249876022,
        0.04146939143538475,
        0.03269798308610916,
        0.03520750254392624,
        0.03851057216525078,
        0.04278278350830078,
        0.035635221749544144,
        0.039252277463674545,
        0.03533509373664856,
        0.031860675662755966,
        0.0367344468832016
    ],
    "val_accuracy": [
        0.7597402334213257,
        0.7840909361839294,
        0.8652597665786743,
        0.8327922224998474,
        0.8392857313156128,
        0.8392857313156128,
        0.8782467246055603,
        0.899350643157959,
        0.8944805264472961,
        0.8912337422370911,
        0.8912337422370911,
        0.8879870176315308,
        0.8944805264472961,
        0.8798701167106628,
        0.8847402334213257,
        0.8879870176315308,
        0.8912337422370911,
        0.8912337422370911,
        0.8928571343421936,
        0.8928571343421936,
        0.8928571343421936,
        0.8928571343421936,
        0.8928571343421936,
        0.8928571343421936,
        0.8928571343421936,
        0.8928571343421936
    ],
    "val_loss": [
        0.649726927280426,
        0.6153854727745056,
        0.3956214189529419,
        0.544315755367279,
        0.5199468731880188,
        0.5375906825065613,
        0.40878990292549133,
        0.38141271471977234,
        0.3775802254676819,
        0.38392066955566406,
        0.3680936396121979,
        0.3827866017818451,
        0.3943614065647125,
        0.41085684299468994,
        0.4003598392009735,
        0.39142733812332153,
        0.38704273104667664,
        0.38949304819107056,
        0.38745245337486267,
        0.38652288913726807,
        0.3874684274196625,
        0.3869684338569641,
        0.385753870010376,
        0.3854156732559204,
        0.3865732252597809,
        0.38701653480529785
    ],
    "learning_rate": [
        9.999999747378752e-05,
        9.999999747378752e-05,
        9.999999747378752e-05,
        9.999999747378752e-05,
        9.999999747378752e-05,
        9.999999747378752e-05,
        1.9999999494757503e-05,
        1.9999999494757503e-05,
        1.9999999494757503e-05,
        1.9999999494757503e-05,
        1.9999999494757503e-05,
        1.9999999494757503e-05,
        1.9999999494757503e-05,
        1.9999999494757503e-05,
        3.999999989900971e-06,
        3.999999989900971e-06,
        3.999999989900971e-06,
        8.000000093488779e-07,
        8.000000093488779e-07,
        8.000000093488779e-07,
        1.5999999902760464e-07,
        1.5999999902760464e-07,
        1.5999999902760464e-07,
        3.199999909497819e-08,
        3.199999909497819e-08,
        3.199999909497819e-08
    ]
}