{
    "accuracy": 0.8912337662337663,
    "precision": 0.8935224387418521,
    "recall": 0.8912337662337663,
    "f1_score": 0.8910887532013921,
    "mcc": 0.8681930122306124,
    "balanced_accuracy": 0.9145688922047325
}