{
    "accuracy": 0.6801948051948052,
    "precision": 0.6771494600414782,
    "recall": 0.6801948051948052,
    "f1": 0.6748425967193666,
    "mcc": 0.6093197907287172,
    "balanced_accuracy": 0.6346100796038694
}