accuracy,precision,recall,f1,mcc,balanced_accuracy
0.6801948051948052,0.6771494600414782,0.6801948051948052,0.6748425967193666,0.6093197907287172,0.6346100796038694
