{
    "accuracy": 0.8733766233766234,
    "precision": 0.8735907895219713,
    "recall": 0.8733766233766234,
    "f1_score": 0.8730881548548932,
    "mcc": 0.8455181790239785,
    "balanced_accuracy": 0.8759073936474392
}