{
    "accuracy": 0.6168831168831169,
    "precision": 0.6102103222614221,
    "recall": 0.6168831168831169,
    "f1": 0.6072773662791785,
    "mcc": 0.5308803631061303,
    "balanced_accuracy": 0.5763052892409262
}