{
    "accuracy": 0.612012987012987,
    "precision": 0.6231243299543013,
    "recall": 0.612012987012987,
    "f1": 0.6089084909502579,
    "mcc": 0.5269559982014912,
    "balanced_accuracy": 0.5876149763760902
}