accuracy,precision,recall,f1,mcc,balanced_accuracy
0.6168831168831169,0.6102103222614221,0.6168831168831169,0.6072773662791785,0.5308803631061303,0.5763052892409262
