accuracy,precision,recall,f1,mcc,balanced_accuracy
0.612012987012987,0.6231243299543013,0.612012987012987,0.6089084909502579,0.5269559982014912,0.5876149763760902
