{
    "accuracy": 0.6266233766233766,
    "precision": 0.6186275551409726,
    "recall": 0.6266233766233766,
    "f1": 0.6180490624030832,
    "mcc": 0.5428694537253165,
    "balanced_accuracy": 0.5939797402750521
}