accuracy,precision,recall,f1,mcc,balanced_accuracy
0.6266233766233766,0.6186275551409726,0.6266233766233766,0.6180490624030832,0.5428694537253165,0.5939797402750521
