{
    "accuracy": [
        0.6345528364181519,
        0.8239837288856506,
        0.8723577260971069,
        0.8967479467391968,
        0.9207317233085632,
        0.9207317233085632,
        0.9191057085990906,
        0.9296748042106628,
        0.9516260027885437,
        0.9764227867126465,
        0.9739837646484375,
        0.9739837646484375,
        0.9772357940673828,
        0.9792683124542236,
        0.9882113933563232,
        0.98008131980896,
        0.9833333492279053,
        0.9845528602600098,
        0.9821138381958008,
        0.9861788749694824,
        0.9853658676147461,
        0.9821138381958008,
        0.9817073345184326,
        0.9841463565826416,
        0.9841463565826416
    ],
    "loss": [
        0.9799062609672546,
        0.4892176687717438,
        0.3621019124984741,
        0.30244681239128113,
        0.2299719601869583,
        0.23281143605709076,
        0.22418496012687683,
        0.20422179996967316,
        0.1449173092842102,
        0.09001696109771729,
        0.08276933431625366,
        0.08080196380615234,
        0.07161633670330048,
        0.06413096934556961,
        0.051904741674661636,
        0.05886315554380417,
        0.05772363394498825,
        0.05270373821258545,
        0.056387923657894135,
        0.048608243465423584,
        0.05208875983953476,
        0.05628329515457153,
        0.0535135418176651,
        0.05291716381907463,
        0.05393074452877045
    ],
    "val_accuracy": [
        0.7240259647369385,
        0.7873376607894897,
        0.7954545617103577,
        0.8279221057891846,
        0.8327922224998474,
        0.8246753215789795,
        0.8214285969734192,
        0.823051929473877,
        0.8603895902633667,
        0.8636363744735718,
        0.8587662577629089,
        0.8620129823684692,
        0.8733766078948975,
        0.875,
        0.8782467246055603,
        0.8782467246055603,
        0.875,
        0.8733766078948975,
        0.8766233921051025,
        0.8717532753944397,
        0.875,
        0.875,
        0.8766233921051025,
        0.8717532753944397,
        0.8733766078948975
    ],
    "val_loss": [
        1.0757871866226196,
        0.6968995332717896,
        0.689933717250824,
        0.5562305450439453,
        0.4779185652732849,
        0.5531004667282104,
        0.6145328879356384,
        0.5816508531570435,
        0.4351801574230194,
        0.43021243810653687,
        0.48408007621765137,
        0.4674396216869354,
        0.46393540501594543,
        0.4660992920398712,
        0.4699206054210663,
        0.46453961730003357,
        0.46416622400283813,
        0.464338481426239,
        0.4627782106399536,
        0.4637417495250702,
        0.463123083114624,
        0.46342477202415466,
        0.4648262560367584,
        0.4640337824821472,
        0.4643452763557434
    ],
    "learning_rate": [
        9.999999747378752e-05,
        9.999999747378752e-05,
        9.999999747378752e-05,
        9.999999747378752e-05,
        9.999999747378752e-05,
        9.999999747378752e-05,
        9.999999747378752e-05,
        9.999999747378752e-05,
        1.9999999494757503e-05,
        1.9999999494757503e-05,
        1.9999999494757503e-05,
        1.9999999494757503e-05,
        1.9999999494757503e-05,
        3.999999989900971e-06,
        3.999999989900971e-06,
        3.999999989900971e-06,
        8.000000093488779e-07,
        8.000000093488779e-07,
        8.000000093488779e-07,
        1.5999999902760464e-07,
        1.5999999902760464e-07,
        1.5999999902760464e-07,
        3.199999909497819e-08,
        3.199999909497819e-08,
        3.199999909497819e-08
    ]
}