{
    "accuracy": 0.8636363636363636,
    "precision": 0.8665770413560113,
    "recall": 0.8636363636363636,
    "f1_score": 0.8644163394955623,
    "mcc": 0.8341888687671862,
    "balanced_accuracy": 0.8741738977413454
}