{
    "accuracy": [
        0.6540650129318237,
        0.8402438759803772,
        0.887398362159729,
        0.9105691313743591,
        0.9304878115653992,
        0.9414634108543396,
        0.9434959292411804,
        0.9585365653038025,
        0.9634146094322205,
        0.9662601351737976,
        0.9678861498832703,
        0.9796748161315918,
        0.9845528602600098,
        0.9853658676147461,
        0.9914634227752686,
        0.9934959411621094,
        0.992682933807373,
        0.9918699264526367,
        0.9943089485168457,
        0.9934959411621094,
        0.9922764301300049,
        0.9934959411621094,
        0.9955284595489502,
        0.9955284595489502,
        0.9967479705810547,
        0.9934959411621094,
        0.9943089485168457,
        0.9979674816131592,
        0.9943089485168457,
        0.9963414669036865,
        0.992682933807373,
        0.9971544742584229,
        0.995121955871582
    ],
    "loss": [
        0.9588563442230225,
        0.43025755882263184,
        0.32602089643478394,
        0.2530393898487091,
        0.19906307756900787,
        0.1644769310951233,
        0.1560978889465332,
        0.12461145967245102,
        0.1142333373427391,
        0.09283977001905441,
        0.09217803180217743,
        0.07232534885406494,
        0.05335862189531326,
        0.05052078515291214,
        0.033031951636075974,
        0.027147764340043068,
        0.033835407346487045,
        0.030583739280700684,
        0.02561243623495102,
        0.02651084028184414,
        0.028716402128338814,
        0.022884253412485123,
        0.022100521251559258,
        0.020418398082256317,
        0.01942826621234417,
        0.021312206983566284,
        0.022237753495573997,
        0.01671403832733631,
        0.02121630311012268,
        0.017610331997275352,
        0.025333473458886147,
        0.018515843898057938,
        0.02309415303170681
    ],
    "val_accuracy": [
        0.7808441519737244,
        0.8668830990791321,
        0.8360389471054077,
        0.8766233921051025,
        0.8782467246055603,
        0.8555194735527039,
        0.8733766078948975,
        0.8555194735527039,
        0.8782467246055603,
        0.8701298832893372,
        0.8814935088157654,
        0.8961039185523987,
        0.9042207598686218,
        0.9042207598686218,
        0.9009740352630615,
        0.9123376607894897,
        0.9074675440788269,
        0.9058441519737244,
        0.9009740352630615,
        0.9123376607894897,
        0.9025974273681641,
        0.9042207598686218,
        0.9090909361839294,
        0.9074675440788269,
        0.9074675440788269,
        0.9074675440788269,
        0.9090909361839294,
        0.9090909361839294,
        0.9090909361839294,
        0.9090909361839294,
        0.9090909361839294,
        0.9074675440788269,
        0.9074675440788269
    ],
    "val_loss": [
        0.6412258148193359,
        0.40214893221855164,
        0.4280044138431549,
        0.4204200506210327,
        0.39360180497169495,
        0.43979695439338684,
        0.3827047348022461,
        0.4847046434879303,
        0.3766293227672577,
        0.5097025632858276,
        0.4492915868759155,
        0.43958157300949097,
        0.37498778104782104,
        0.36453527212142944,
        0.369437575340271,
        0.3578985333442688,
        0.35907018184661865,
        0.35664963722229004,
        0.3799225091934204,
        0.37202462553977966,
        0.38357630372047424,
        0.38704487681388855,
        0.3869835436344147,
        0.3847740888595581,
        0.3852010667324066,
        0.38550421595573425,
        0.38435617089271545,
        0.3837301433086395,
        0.38475996255874634,
        0.3852274417877197,
        0.3847581744194031,
        0.38530781865119934,
        0.38435766100883484
    ],
    "learning_rate": [
        9.999999747378752e-05,
        9.999999747378752e-05,
        9.999999747378752e-05,
        9.999999747378752e-05,
        9.999999747378752e-05,
        9.999999747378752e-05,
        9.999999747378752e-05,
        9.999999747378752e-05,
        9.999999747378752e-05,
        9.999999747378752e-05,
        9.999999747378752e-05,
        9.999999747378752e-05,
        1.9999999494757503e-05,
        1.9999999494757503e-05,
        1.9999999494757503e-05,
        1.9999999494757503e-05,
        1.9999999494757503e-05,
        1.9999999494757503e-05,
        1.9999999494757503e-05,
        1.9999999494757503e-05,
        1.9999999494757503e-05,
        3.999999989900971e-06,
        3.999999989900971e-06,
        3.999999989900971e-06,
        8.000000093488779e-07,
        8.000000093488779e-07,
        8.000000093488779e-07,
        1.5999999902760464e-07,
        1.5999999902760464e-07,
        1.5999999902760464e-07,
        3.199999909497819e-08,
        3.199999909497819e-08,
        3.199999909497819e-08
    ]
}