{
    "accuracy": 0.9058441558441559,
    "precision": 0.9076625054680122,
    "recall": 0.9058441558441559,
    "f1_score": 0.9061614303661587,
    "mcc": 0.885368746967078,
    "balanced_accuracy": 0.8991585408965949
}