{
    "accuracy": 0.8701298701298701,
    "precision": 0.8716415398262645,
    "recall": 0.8701298701298701,
    "f1": 0.8693191938257241,
    "mcc": 0.8419024880495346,
    "balanced_accuracy": 0.8182782681452333
}