accuracy,precision,recall,f1,mcc,balanced_accuracy
0.8701298701298701,0.8716415398262645,0.8701298701298701,0.8693191938257241,0.8419024880495346,0.8182782681452333
