{
    "accuracy": 0.8538961038961039,
    "precision": 0.8639777939411033,
    "recall": 0.8538961038961039,
    "f1": 0.8540198233072316,
    "mcc": 0.8232149640630295,
    "balanced_accuracy": 0.8146185041476733
}