accuracy,precision,recall,f1,mcc,balanced_accuracy
0.8538961038961039,0.8639777939411033,0.8538961038961039,0.8540198233072316,0.8232149640630295,0.8146185041476733
