{
    "accuracy": 0.9907192575406032,
    "precision": 0.9907953292001065,
    "recall": 0.9907192575406032,
    "f1": 0.9906722482853574,
    "mcc": 0.9835481855420031,
    "balanced_accuracy": 0.9764202608615369
}