accuracy,precision,recall,f1,mcc,balanced_accuracy
0.9907192575406032,0.9907953292001065,0.9907192575406032,0.9906722482853574,0.9835481855420031,0.9764202608615369
