{
    "accuracy": [
        0.672764241695404,
        0.8434959053993225,
        0.8813008069992065,
        0.9158536791801453,
        0.9243902564048767,
        0.9394308924674988,
        0.9504064917564392,
        0.962195098400116,
        0.9784553050994873,
        0.9788618087768555,
        0.9780488014221191,
        0.9837398529052734,
        0.9804878234863281,
        0.9792683124542236,
        0.9902439117431641,
        0.9890244007110596,
        0.9853658676147461,
        0.9808943271636963,
        0.9902439117431641,
        0.9837398529052734,
        0.9882113933563232,
        0.9898374080657959,
        0.9873983860015869,
        0.9890244007110596,
        0.9857723712921143
    ],
    "loss": [
        0.9098795652389526,
        0.4488973915576935,
        0.33648446202278137,
        0.2506474256515503,
        0.22221259772777557,
        0.1784965991973877,
        0.15549494326114655,
        0.12346934527158737,
        0.07895069569349289,
        0.088783860206604,
        0.07159663736820221,
        0.06157707795500755,
        0.0614355206489563,
        0.06639314442873001,
        0.05150848627090454,
        0.046560466289520264,
        0.05130177363753319,
        0.05919642373919487,
        0.04737122729420662,
        0.05427760258316994,
        0.044909924268722534,
        0.046718113124370575,
        0.051057521253824234,
        0.04907488450407982,
        0.05201851949095726
    ],
    "val_accuracy": [
        0.7694805264472961,
        0.8181818127632141,
        0.7922077775001526,
        0.8831169009208679,
        0.8051947951316833,
        0.8685064911842346,
        0.875,
        0.899350643157959,
        0.9090909361839294,
        0.9155844449996948,
        0.9155844449996948,
        0.9090909361839294,
        0.9188311696052551,
        0.9123376607894897,
        0.9155844449996948,
        0.9123376607894897,
        0.9123376607894897,
        0.9107142686843872,
        0.9107142686843872,
        0.9107142686843872,
        0.9107142686843872,
        0.9123376607894897,
        0.9123376607894897,
        0.9107142686843872,
        0.9123376607894897
    ],
    "val_loss": [
        0.6888190507888794,
        0.504364550113678,
        0.5289822220802307,
        0.36216193437576294,
        0.5158267021179199,
        0.4079626202583313,
        0.3897557258605957,
        0.33329087495803833,
        0.297289103269577,
        0.29222142696380615,
        0.2991110682487488,
        0.30803000926971436,
        0.2934419512748718,
        0.2965197265148163,
        0.2926957607269287,
        0.2924669086933136,
        0.297073096036911,
        0.2996610999107361,
        0.2998121976852417,
        0.30152952671051025,
        0.30161967873573303,
        0.301155686378479,
        0.3014496862888336,
        0.3023964464664459,
        0.30326440930366516
    ],
    "learning_rate": [
        9.999999747378752e-05,
        9.999999747378752e-05,
        9.999999747378752e-05,
        9.999999747378752e-05,
        9.999999747378752e-05,
        9.999999747378752e-05,
        9.999999747378752e-05,
        1.9999999494757503e-05,
        1.9999999494757503e-05,
        1.9999999494757503e-05,
        1.9999999494757503e-05,
        1.9999999494757503e-05,
        1.9999999494757503e-05,
        3.999999989900971e-06,
        3.999999989900971e-06,
        3.999999989900971e-06,
        8.000000093488779e-07,
        8.000000093488779e-07,
        8.000000093488779e-07,
        1.5999999902760464e-07,
        1.5999999902760464e-07,
        1.5999999902760464e-07,
        3.199999909497819e-08,
        3.199999909497819e-08,
        3.199999909497819e-08
    ]
}