{
    "accuracy": 0.9155844155844156,
    "precision": 0.9197964546290515,
    "recall": 0.9155844155844156,
    "f1_score": 0.9161739352475708,
    "mcc": 0.8975541627659457,
    "balanced_accuracy": 0.9047024043760208
}